Title	Content
récord 96 mil asistente pelea dubois joshua hoy Wembley	Londres . daniel dubois , nuevo estrella boxeo mundial , dos vez campeón orbe Anthony joshua disputar hoy cinturón peso pesado Federación Internacional Boxeo ( FIB ) multitud récord 96 mil persona catedral futbol : Wembley .
américa no estar formar jugador , decir Jardine	ser américa club menos minuto haber dar juvenil , timonel plantel André Jardine mostrar contra regla menor , tener intención impulsar joven talento , señalar prioridad Liga mx ser ganar torneo no formación jugador beneficio selección méxico .
fátima Herrera , miedo , hacer historia ring París 2024	surgimiento referente deporte mujer comenzar forjar nuevo talento . inspira-da proeza jackie Nava Ana María guerrera torres , fátima Herrera pelear llegar París 2024 , donde hacer historia convertir primero boxeadora mexicano conseguir victoria Juegos Olímpicos .
pumas femenil dejar escapar tres punto cu	pese generar oportunidad gol , pumas no lograr pa-sar empate 0-0 querétaro , dejar escapar valioso punto permitir afianzar primero lugar clasificación general torneo apertura 2024 Liga mx Femenil .
caer dupla Zverev-Alcaraz	dupla Carlos Alcaraz-Alexander zverev caer pareja estadunidense formado taylor fritz ben Shelton , 7-6 ( 7/5 ) 6-4 , dejar marcador 2-2 final primero jornada laver cup , disputar Berlín . impulsado Roger federer 2017 , competencia exhibición inspirado Ryder cup golf llamado así homenaje jugador australiano Rod laver – enfrentar seis jugador Europa número representante resto mundo .
méxico perder penal leyenda FIFA	plantel repleto figura época , equipo leyenda FIFA monterrey protagonizar partido exhibición congregar mil persona estadio BBVA , actual casa rayado sede méxico Copa mundo 2026 . andrea pirlo , dwayne rosario youri djorkaeff marcar internacional , ex seleccionado tricolor Luis hernández , Miguel layún Jorge campos lograr empate tres . ya penal , representante FIFA imponer 5-4 . dar inactividad participante retiro profesional , organizador ajustar dimensión terreno juego . leyenda FIFA estar arquero gianluigi buffon , Alessandro piero , Didier drogba , Carles Puyol , Xavi hernández diego Forlán . méxico destacar oribe Peralta , Luis Hernádez , Jorge campos , Guillermo Franco , paul aguilar técnico bora Milutinovic .
Tuzos salir crisis ; derrotar puebla visita	pachuca reordenar pieza rompecabeza . victoria fecha anterior , Tuzos volver ganar Liga mx imponer 3-2 puebla estadio Cuauhtémoc . tener ver debilidad defensivo franja , más contundencia delantero Salomón Rondón Nelson Deossa , ser figura ataque .
Jaime munguía regresar grande ganar nocaut	"Jaime munguía regresar ring plan grande . duro pelea canadiense erik bazinyan , glendale , Arizona , pugilista mexicano conseguir victoria vía nocaut décimo asalto , luego poderoso gancho mano izquierdo ocasionar derrumbe rival . bazinyan intentar parar , recibir cuenta réferi , no encontrar fuerza pierna aceptar derrota . combate dejar mano tijuanense título plata peso supermediano CMB . "" ser pelea fuerte , pesado , momento bazinyan lastimar . tener ir abrir poco . ahora , querer mejor pelea . siguiente año gustar enfrentar caleb plant édgar Berlanga "" , declarar munguía , no pelear derrota tapatío Saúl canelo álvarez ."
"Verstappen , castigar lenguaje "" grosero "" ; norris liderar práctica"	max Verstappen caer nuevo espiral error perseguir red bull . jornada ensayo libre gran Premio singapur , tricampeón mundial Fórmula 1 lograr cuarto mejor tiempo primero ronda , luego ser lugar 15 , quejar falta adherencia goma . quedar 1.2 segundo líder lando norris ( McLaren ) , brillar circuito urbano Mari-na Bay delante monegasco charles leclerc Carlos Sainz ( Ferrari ) . mexicano Sergio Pérez ubicar octavo puesto .
Ohtani desatar euforia prensa japón	proeza shohei Ohtani , convertir primero pelotero Grandes Ligas 50 jonrón 50 base robado temporada , ser celebrar edición extra periódico aficio-nado leer camino trabajo viernes Japón .
Carlos Fernández-Vega : méxico SA	"ernesto Zedillo ser seis depredador Estado instalado Pinos régimen neoliberal , igual gerente estirpe , dedicar entregar bien nación gran capital . bien sello sexenal ser ilegal "" rescate "" banca , Fobaproa , personaje ahora intentar reivindicar derecha autóctono ser más allá , siempre contra interés nacional ."
Reserva Federal eu ya no ser referente política monetario global	banco central país realizar serie movimiento tasa interés semana , encabezado Reserva Federal Estados unido ( Fed ) , miércoles recortar tasa referencia primero vez 2020 .
ser innecesario reforma fiscal siguiente sexenio	presidente andrés Manuel López obrador asegurar no ser necesario reforma fiscal futuro mantener fórmula combate corrupción política austeridad republicano .
terminar semana peso pérdida uno ciento	peso cerrar retroceso uno ciento semana , marcado anuncio política monetario banco central Estados unido también afectado cautela inversionista aguardar anuncio Banco méxico próximo semana .
BdeM recortar tasa cuarto punto , anticipar encuesta	Analistas económico consultado citibanamex anticipar nuevo recorte 0.25 punto porcentual tasa interés referencia Banco méxico ( BdeM ) reunión próximo semana , estimar ubicar 10 ciento cierre 2024 .
china , campo batalla apple Huawei nuevo teléfono alto gama	nuevo modelo apple Huawei salir venta manera simultáneo viernes china , donde usuario hacer largo fila adquirir dispositivo alto gama dos marca competir mercado chino , más grande importante ambos compañía .
silvia ribeiro* : ayotzinapa , impunidad olvido	saber paradero , justicia tortuoso camino encubrimiento impunidad , cumplir 26 septiembre 10 año desaparición forzado 43 estudiante escuela normal Raúl Isidro burgos ayotzinapa asesinato seis persona , tres estudiante .
Mexicana presentar avión Embraer sumar flota 2025	zumpango , méx. , fin consolidar industria transporte aéreo nacional , Mexicana Aviación , aerolínea Estado mexicano , presentar avión Embraer E195-E2 , modelo adquirir 20 unidad aerolínea empezar recibir partir mayo 2025 .
lun representar escena magia infancia enigma existencia	magia infancia , enigma existencia riesgo pérdida memoria entrelazar lun , propuesta escénico llegar teatro artes centro Nacional artes ( Cenart ) , partir fin semana .
develar amlo estatua Catarino Garza Rodríguez	"próximo lunes , presidente andrés Manuel López obrador inaugurar estatua honor revolucionario Catarino Garza Rodríguez , precursor alzamiento revolucionario dictadura porfirio Díaz . vídeo , definir Garza Rodríguez "" idealista , soñador , guardado circunstancia , similar ernesto che guevara . """
xalapa : indignar destrucción escultura posterior uso relleno zanja	coatl , escultura monumental ceramista Rocío sagaón ( 1933-2015 ) laura Navarro , ubicado parque Natura , xalapa , veracruz , ser destruir usar relleno empresa , contratado gobierno encabezar cuitláhuac García Jiménez , desarrollar proyecto naturalia , refugio vida silvestre , instalar dentro bosque urbano .
ó : instrucciones salir agua desmontar mito ofelia mirada feminista	""" ser no ser "" , escuchar escena . famoso frase no pronunciar Hamlet , mujer cuestionar opción ser morir , dormir tal vez soñar . tratar propuesta escénico ó : instrucciones salir agua , conjugar teatro físico danza repensar personaje shakesperiano ofelia mirada moderno feminista . María fernanda baez interpretar unipersonal iniciar temporada teatro milagro ."
Angélica azuara recomendar Jornada trinchera : puesto periódico	"Angélica azuara , puesto periódico donde trabajar hacer 15 año ser también trinchera , haber tocar "" evadir recibir dardo censura sexenio anterior , así mente panista cerrado hoy día "" ."
""" quedar corto hablar significar Jornada méxico """	"hacer más 40 año "" haber más periodismo , decir manera , además grande diario , estar Figaro , cine Mundial , Redondel , segundo Ovaciones , Últimas Noticias , Extra . hoy ser cochinada , ser difusor noticia no noticia ; estar lado . panorama , importante ser existir Jornada , dar lugar lector "" ."
china sufrir exceso ... leche	mercado leche china enfrentar situación complicado exceso oferta , bajo demanda pérdida millonario .
"eu pedir "" implementación riguroso "" plan certificación aguacate méxico"	venta aguacate mexicano Estados unido haber disparar 48 % 2019 , alcanzar valor más 3000 millón dólar año pasado .
Banqueros pedir evitar arbitraje regulatorio licencia bancario	presidente abm decir producto ofrecer institución financiero deber tener regulación igual mantener incentivo inversión país .
Banqueros esperar ley secundario reforma judicial dar certidumbre	"aprobación reforma Poder Judicial , banquero esperar ley secundario afinar detalle permitir reforma "" exitoso "" ."
slim criticar dinero gastar jubilado pedir combatir pobreza	hombre más rico méxico decir recurso recibir actualmente mayor 65 año deber usar sacar 6 millón persona pobreza extremo .
eliminación subsidio gasolina impedir baja precio	medida disminución estímulo fiscal obedecer más necesidad incrementar recaudación impuesto reducir déficit fiscal , considerar especialista .
méxico impugnar fallo determinar pago 37 mdd odyssey marine exploration	empresa estadounidense ganar arbitraje internacional méxico , considerar Semarnat negar arbitrariamente permiso proyecto minero marino baja california sur .
24 % crédito hipotecario ser cofinanciar Infonavit Fovissste	Asociación Bancos méxico decir enero julio año , 16100 crédito haber dar banca haber tener cofinanciamiento instituto trabajador .
"Yellen considerar "" señal mucho positivo "" recorte tasa Fed"	"medida "" reflejar confianza parte Fed inflación ceder estar camino meta 2 % ( anual ) "" , expresar secretaria Tesoro eu ."
CNBV buscar regular reporte ciberseguridad	regulador buscar empresa ofrecer servicio financiero deber homologar criterio reportar haber ser víctima ataque cibernético .
recorte Fed dar margen maniobra Banco méxico	decisión política monetario banco central estadounidense , Banxico tener oportunidad mantener amplio diferencial tasa , asegurar analista .
claudia sheinbaum reunir empresario Estados unido octubre	medio voz empresarial decir inversión haber detener reforma judicial , Marcelo Ebrard anunciar asistencia próximo presidenta méxico ceo dialogue .
¿ dónde haber mayor brecha salarial género méxico ?	Banxico realizar análisis brecha salarial género región méxico , resultado demostrar norte ser donde haber mayor diferencia remuneración hombre mujer .
¿ ser importante tener seguro negocio ?	seguro no sólo cubrir daño material , también poder asegurar continuidad operación caso siniestro , destacar AMIS .
peligra economía méxico Trump ganar cumplir arancel : Moody's	agencia calificador anticipar economía mexicano sufrir recesión 2025 mayor inflación .
rappicard alcanzar 5,107 millón peso cartera crédito	empresa resaltar parte estrategia ser ofrecer proceso solicitud aprobación sólo dos minuto entrega tarjeta físico 30 minuto .
"Fed bajar tasa medio punto porcentual ; aducir "" confianza "" control inflación"	responsable política monetario prever tipo referencia Reserva Federal caer medio punto porcentual final año .
Mercado Pago recibir financiamiento JP Morgan apoyar pymes mexicano	plataforma lograr acuerdo banco inversión 250 millón dólar apoyar pequeño negocio país .
número súper rico disparar Estados unido china	población china menos 100 millón dólar cuenta haber duplicar último 10 año .
Infonavit manejar 2.4 billón peso activo : Carlos Martínez	fondo instituto haber aumentar aumento salarial , mayor aportación patronal , fiscalización empresa , programa regularización crédito .
impacto nearshoring tendencia laboral metlife méxico	escasez talento calificar , importancia beneficio competitivo necesidad cultura organizacional sólido ser principal desafío enfrentar empresa
Sofipos ver oportunidad figura , pesar migración bancario	Asociación Mexicana Sofipos ( ams ) considerar nuevo regulación , institución poder seguir crecer ayuda regulación tecnología .
Afores registrar ganancia agosto ; más alto 9 mes	Afores registrar plusvalía 231,284.6 millón peso agosto , monto más alto noviembre año pasado .
ser mercancía más importar méxico exterior	país más comprar méxico ser Estados unido , representar casi 43 % total importación , seguido china , 20 % Japón , 3 % .
sat obtener 191,506 mdp eficiencia recaudatorio 2024	mayor eficiencia recaudatorio deber principalmente programa Cumplimiento Obligaciones , vigilancia Profunda cobranza coactiva .
Cetes reducir rendimiento previo decisión Banxico	próximo semana , Banco méxico ( Banxico ) dar conocer decisión política monetario Cetes disminuir rendimiento plazo .
gobierno sheinbaum necesitar nuevo política atraer inversión	consumado desaparición ProMéxico , esfuerzo atraer inversión extranjero dividir . especialista cuestionar ente líder poder lograr aún más .
méxico eu acordar sader supervisar aguacate exportación	gobierno méxico Estados unido acordar transferencia responsabilidad agilizar comercio .
no ser T-MEC ; ser tratado comercial aguardar Ebrard	méxico tener potencial ampliar diversificar exportación , menos cinco tratado , además tener Estados unido canadá .
institución crédito incertidumbre reforma Judicial , decir moody ' s	pequeño mediano empresa enfrentar desaceleración crédito dado falta certeza jurídico institución financiero no bancario .
sequía impactar precio peso carne re : Banxico	Banco méxico destacar sequía provocar productor carne sacrificar ganado antes tiempo no perder peso ; llegar provocar inflación mediano plazo .
hr ratings bajo previsión crecimiento 1.4 % méxico 2024	agencia calificador ver ambiente incertidumbre cambio administración reforma amlo , también recortar pronóstico 2025 .
Gasolina Magna ir segundo semana subsidio	semana 14 20 septiembre , consumidor pagar 61752 peso Impuesto especial Producción Servicios ( ieps ) litro gasolina regular .
Banxico proyectar apogeo nearshoring méxico 2026 2030	encuesta Banco méxico , 41.3 % empresa consultado estimar mayor beneficio proceso relocalización dar periodo .
fitch S&P descartar degradar calificación méxico reforma judicial	agencia calificadora ver finanzas sólido esperar prudencia fiscal claudia sheinbaum .
ser Antonio Martínez dagnino , jefe sat gobierno sheinbaum	Antonio Martínez dagnino llegar jefatura sat octubre 2022 , luego Raquel buenrostro pasar tomar liderazgo Secretaría Economía .
pemex Infonavit , ser Octavio Romero oropeza	presidenta electo , claudia sheinbaum , dar conocer Romero oropeza estar frente instituto Fondo Nacional Vivienda Trabajadores .
BBVA advertir reforma Poder Judicial socavar Estado derecho	análisis banco considerar perspectiva crecimiento económico méxico también poder deteriorar .
papel economía bienestar gobierno moderno	economía bienestar priorizar salud felicidad persona , colocar valor nivel , incluso encima , indicador económico tradicional PIB .
salario , programa social remesa mantener consumo méxico	pese inflación mayor tasa interés , consumo privado méxico haber ser pilar economía , tendencia quedar tiempo , advertir analista .
Moody's prever reforma judicial debilitar calidad crediticia méxico	cambio sistema judicial perjudicar futuro inversión nearshoring , decir agencia calificador .
coparmex advertir reforma judicial afectar proyecto clave economía	organismo empresarial lamentar aprobación Senado república , señalar ser decisión no tomar cuenta diferente voz .
peso mexicano mantener 20 unidad dólar	aprobación reforma judicial baja inflación eu , moneda apreciar 1.48 % frente 20.09 unidad dólar reportado cierre martes .
méxico ir facilitar respaldar inversión eu : Marcelo Ebrard	luego aprobado reforma judicial , próximo secretario Economía revevir postear vídeo red social decir integración dos economía avanzar paso acelerado .
"inversión extranjero caer estado más "" atractivo "" nearshoring"	falta energía eléctrico , escasez agua mano obra , además infraestructura rebasado transporte poner freno decisión inversión .
comce esperar inversión 48000 mdd , pese reforma judicial	presidente Consejo Empresarial mexicano Comercio Exterior destacar prever inversión Extranjera Directa cerrar 2024 40000 millón dólar , 11 % más respecto 2023 .
inflación ceder , Banxico enfrentar más reto bajar tasa interés	volatilidad tipo cambio generado avance reforma judicial representar freno banco central bajar tasa interés referencia .
rendimiento Cetes tocar nivel más bajo enero	rendimiento Cetes 28 día tener tasa más bajo enero pasado expectativa Banxico hacer más recorte tasa referencia .
mexico necesitar política industrial acordar economía actual : IMCO	centro investigación apuntar último 20 año , valor agregar producción exportación manufacturero haber estancar .
ser audiencia querer conquistar iphone 16	apple ser consciente usuario iphone 15 difícilmente ir renovar smartphone , haber segmento poder seducir .
Microsoft usar energía nuclear alimentar Inteligencia Artificial	acuerdo Microsoft constellation Energy permitir reactivar unidad planta nuclear three mile island cubrir creciente necesidad energético .
ONU formular siete recomendación regular ia	ONU crear año pasado órgano consultivo 39 miembro abordar problema regulación internacional ia .
caso caliente tv : anunciar apuesta transmitir champions league	compañía haber entrar ‘guerra streaming deportivo ' captar parte nicho mercado consolidar principal negocio : apuesta .
ia decidir ser no apto trabajo , ¿ hacer ver ?	ia sí haber demostrar poder ser aliada espacio donde aplicar , sesgo poder presentar aún ser inconveniente .
amazon prime mgm studios unir MPA	empresa entretenimiento unir netflix Paramount pictures .
amazon lanzar nuevo bot ayudar crecer venta	empresa dar conocer amelia obtener dato venta inventario negocio estar plataforma .
PlayStation lanzar edición limitado aspecto noventero	consola evocar aspecto primero equipo , lanzado Sony 1994 , formar parte celebración 30 año .
Usuarios reportar alerta sísmico nunca llegar celular	IFT haber asegurar hoy empresa enviar mensaje emergencia sismo nunca llegar . telcel asegurar alerta depender regulador .
TelevisaUnivision nombra nuevo ceo exdirectivo google	tratar daniel Alegre , sustitución wade davis , contar amplio experiencia empresa tecnología trabajar comunidad hispano eu , méxico américa latina .
inversión conectividad no caer pese política judicial : neutral networks	ceo compañía neutral networks , enfocado infraestructura crítico , decir necesidad conectividad nivel usuario empresa ser más fuerte agenda político .
nintendo pokémon company demandar creador palworld	"empresa japonés iniciar acción legal contra pocketpair , debido infracción patente desarrollar llamado "" pokémon arma "" ."
TelevisaUnivisión sustituir wade davis director general	empresa decidir sustituir davis daniel Alegre debido resultado compañía caer debajo expectativa interno .
youtube presentar ia hacer vídeo ganar ‘ más ' dinero	empresa llevar cabo made on youtube evento donde también señalar número creador obtener mayor parte ingreso venir tv .
ia generativo transformar operación ingreso empresarial	uso ia generativo haber crecer sector , impulsar innovación facilitar nuevo forma operar organización .
amazon agregar PayPal método pago pedido comprar prime	nuevo opción estar disponible usuario realizar compra sitio web tercero , membresía prime .
CFE Telecom perfilar nuevo ceo impulsar proyecto internet	dos fuente conocimiento tema , interior compañía haber poner mesa nombre Emiliano Calderón Mercado ser nuevo ceo estatal telecomunicación .
google salvar multa antimonopolio 1,670 mmd	caso comenzar supuesto dominio anticompetitivo empresa mercado publicidad línea .
e-commerce chino conquista bolsa valor	dueño Alibaba , Temu JD conquistar e-commerce mundo , diversificar negocio .
¿ funcionar canje teléfono Mercado libre ?	Mercado libre lanzar nuevo programa llamado Trade smartphón , poder canjear antiguo celular modelo nuevo .
malware android permitir retirar dinero cajero automático	ngate clonar dato nfc tarjeta pago retransmitir atacante , emular tarjeta original realizar retiro dinero cajero automático .
uber didi operar sitio aicm , pese restricción	usuario continuar pedir servicio taxi aplicación uber apuntar continuar operar regularidad .
tiktok vs eu : historia antaño no tener fin claro	prohibición llegar enero 2025 , empresa interponer demanda evitar restricción , candidato presidencia tampoco querer bloquear .
crear diario personal ia WhatsApp	inteligencia artificial WhatsApp , meta ai , poder aprovechar realizar simplificar tarea . aquí explicar crear diario personal
alerta sísmico llegar teléfono próximo 19 septiembre : IFT	telcel , AT&amp;T , Telefónica bait comenzar enviar notificación emergencia sismo , huracán inundación celular .
iOS 18 , incluir nuevo versión actualizar iphone	todavía no haber integrar apple intelligence , actualización sistema operativo integrar serie mejora .
ahora usuario uber también deber verificar identidad	uber implementar nuevo verificación identidad pasajero , objetivo ofrecer mayor seguridad conductor evitar fraude plataforma .
intel amazon firmar acuerdo comercial mercado recibir bien	empresa tecnología trabajar conjunto coinversión diseño chip personalizado negocio nube big tech : aws .
OpenAI creer junta seguridad capaz detener nuevo lanzamiento	empresa buscar mejorar proceso protección , confianza transparencia medio búsqueda nuevo ronda financiación multimillonario .
instagram lanzar cuenta adolescente control parental	usuario menor 16 año sólo poder recibir mensaje ser etiquetar cuenta seguir ya estar conectar .
¿ servicio cliente mano ia ser mejor humanos ?	más mitad profesional servicio cliente ya ocupar software impulsado ia esperar continuar crecer .
intel aplazar proyecto instalar fábrica Alemania polonia	anuncio presentar después revelar empresa recibir 3000 millón dólar gobierno estadounidense fabricar semiconductor .
amazon despedir home office : empleado regresar oficina 2025	empresa haber permitir empleado trabajar casa pandemia , haber dejar oficina casi vacío ciudad san francisco Seattle .
Rappi considerar debutar Bolsa nueva York año	Rappi operar nueve país región ser considerar unicornio tecnológico valoración superar 5000 millón dólar .
tiktok Departamento Justicia enfrentar tribunal eu	abogado tiktok enfrentar Departamento Justicia tribunal Washington destino ley poder prohibir aplicación vídeo corto .
¿ beneficiar altán Redes desaparición IFT ?	eliminación IFT , Ejecutivo tener facultad adjudicar directamente espectro altán plan cierre brecha digital volver más competitivo AT&amp;T telcel .
Telefónica megacable aplicar medida seguridad culiacán	compañía telecomunicación decidir modificar operación sucursal garantizar seguridad trabajador entidad haber ser azotar violencia .
intel lograr acuerdo 3,500 mdd fabricar chip ejército	tratar programa secreto , llamado secure enclave , buscar establecer producción chip avanzado aplicación militar Inteligencia .
Brasil desbloquear cuenta starlink x transferencia 3 mdd	juez Supremo Tribunal decir levantamiento ordenar cantidad transferir arca Brasil alcanzar total x deber país concepto multa .
¿ dar apple iphone abonar compra nuevo ?	programa Trade in recibir equipo iphone él 2020 15 pro max , bonificación máximo 20000 peso .
telmex suspender atención queja Centros servicio culiacán	Sindicato Telefonistas decir debido enfrentamiento armado entidad , decidir no abrir tienda , centro trabajo resguardar integridad técnico .
¿ usar nuevo función texto instagram ?	nuevo herramienta texto incluir más fuente efecto , así posibilidad agregar texto superponer publicación feed .
líderes tecnológico acudir casa Blanca hablar ia : CNN	funcionarios alto rango líder tecnológico dar cita hablar recurso energético infraestructura necesario impulsar herramienta .
"OpenAI lanzar nuevo serie modelo ia capacidad "" razonamiento """	modelo conocido internamente strawberry tener alto calificación prueba matemático codificación . empresa reconocer aún poder dar respuesta limitar .
UE ahora ir empresa videojuego	después tener foco torno big tech , organismo regulador buscar esclarecer práctica compañía fortnite .
escritura manual código tener día contado , vaticinar ceo nvidia	jensen huang explicar 32000 ingeniero software estar acompañado 100 vez más asistente digital , 24 hora día , 7 día semana .
extremis , águilas rescatar valioso empate 1-1 Necaxa	gol agónico henry martín , américa rescatar valioso empate 1-1 Necaxa , hilvanar tres partido conocer derrota , ayer due-lo correspondiente jornada nueve torneo apertura 2024 Liga mx , disputado estadio victoria , Aguascalientes .
dubois noquear joshua retener cetro pesado	Londres . daniel dubois retener título pesado Federación Internacional Boxeo ( FIB ) noquear quinto asalto ex bicampeón Anthony joshua , primero defensa cinturón realizado estadio Wembley
Copa laver	equipo resto mundo tomar ventaja 8-4 Copa laver selección Europa . triunfo estadunidense taylor fritz ( imagen ) Frances tiafoe alemán alexander zverev ruso daniil medvedev , respectivamente , ser fundamental comandar john mcenroe tomar delantera justo definir hoy campeón acumular 13 punto Berlín .
cruz Azul , intratable ; vencer 1-0 Chivas afianzar superliderato	haber partido marcar agenda cruz Azul . después clásico joven américa , rivalidad Guadalajara tener valor especial . peso escenario importante , máquina volver cantar victoria estadio ciudad deportes ( 1-0 ) mantener único líder Liga mx seguir carrera campeonato .
Gobierno CDMX premiar más millar atleta local	más millar atleta capitalino ser premiado ayer participación Juegos Nacionales conade .
leyenda pancracio regresar Coliseo día nacional luchador	hombre , ocasión mujer , máscara subir ring arena Coliseo , afición ovacionar , no importar ser rudo técnico , saber estar cuadrilátero arriesgar vida medio espectáculo más vistoso , folclórico polémico deporte : lucha libre . místico , octagón atlantis , leyenda disciplina , ser ayer representante histórico función motivo día nacional luchador lucha libre .
Jiménez , plan goleador ; brillar triunfo Fulham	Raúl Jiménez anotar nuevo Fulham Liga premier inglés . delantero mexicano , 33 año , abrir marcador Craven cottage Newcastle united encaminar victoria 3-1 quinto fecha .
norris conseguir pole gp singapur ; Checo , fuera top-10	mexicano Sergio Pérez ( red bull ) entrar socavón . arrancar fondo , esperanzado neumático ayudar remontar , terminar lejos dos piloto disputar título mundial Fórmula 1 calificación gran Premio singapur . ubicar lugar 13 , tapatío finalizar carrera poco memorable respecto rendimiento lando norris ( McLaren ) tricampeón mundial max Verstappen , primero segundo parrilla salida , respectivamente .
tomar cuenta	semana iniciar dar conocer reporte , inflación , venta menudeo , indicador actividad económico , balanza comercial anuncio política monetario , .
impulsa CRE infraestructura auto eléctrico	disposición administrativo materia electromovilidad emitido Comisión reguladora Energía ( CRE ) no sólo impulsar desarrollo infraestructura uso automóvil eléctrico híbrido , también ordenamiento Sistema Eléctrico Nacional ( SEN ) , acuerdo regulador .
joseph e. stiglitz , kevin p. Gallagher , martín Guzmán Marilou uy especial Jornada : FMI deber poner fin destructivo recargo	
eu prohibir software hardware chino vehículo	Washington . Departamento Comercio Estados unido proponer lunes prohibir software hardware chino vehículo conectar autónomo carretera país debido preocupación seguridad nacional , decir fuente Reuters .
cifras verde	* llave programa planeación ciudad inteligente verde , bicicleta haber recuperar relevancia proyecto urbano .
Tribunal dar 5 día x validar representante legal Brasil	río Janeiro . , red social x nombrar representante legal Brasil , exigencia volver funcionar país , seguir suspendido cumplir requisito judicial . Tribunal Supremo Brasil dar plataforma social x , propiedad Elon musk , cinco día presentar documento validar nuevo representante legal país , mostrar sábado decisión judicial .
seguridad energético , amenazado nivel mundial tensión geopolítico : wef	transición energético nivel global observar avance , particular economía desarrollado , así china Brasil . no obstante , equidad haber retrocedir tensión geopolítico causar incertidumbre seguridad energético , revelar informe Foro Económico Mundial ( wef , sigla inglés ) .
imperio bicicleta recuperar terreno Pekín	Pekín . recién llegado Pekín poder tener paranoia , confundido certeza , ser atropellar . más temprano tarde auto , bicicleta , motocicleta triciclo poder dar empujón dejar costado acera sobar raspón risa asombro , buscar curita tienda conveniencia .
"Manuel Ahumada , dibujante "" demasiado viejo punk , mucho joven morir """	"ser "" demasiado viejo punk , mucho joven morir "" , decir Manuel Ahumada ( 1956-2014 ) gonzalo Rocha , ambos monero colaborador Jornada . "" día elevar más ahora mirar cosmo , acompañado dios azteca , ángel astronauta apolo 11 "" , agregar referencia día fallecer personaje ser frecuente imaginario obra ."
Elena poniatowska : grito	"madrugada 16 septiembre 1810 , "" grito independencia "" , historia dar cura Miguel Hidalgo costilla pueblo dolores , guanajuato , rasgar cielo hacer estallar movimiento independencia ."
Brasil ! Brasil ! revelar visión vibrante modernismo	berna . exposición Brasil ! Brasil ! : birth of modernism ( ¡ Brasil ! ¡ Brasil ! : nacimiento modernismo0 , inaugurado zentrum paul klee , ofrecer visión vibrante movimiento artístico país sudamericano largo obra 10 artista , cinco autodidacta poco conocido internacionalmente . 130 obra expuesto haber salir Brasil primero vez . muestra coincidir temáticamente bienal venecia , donde más mitad artista aquí presente también participar .
Secretario Arte Cultura Morena rendir informe actividad	"Secretario Arte Cultura Comité Ejecutivo Nacional ( CEN ) Morena , tomás pliego Calvo , indicar medio participación 22 comisión estatal arte cultura , artista , creador , promotor , gestor cultural , colectivo cooperativo , organizado partir plan acción secretaría , "" realizar tarea actividad defensa Cuarta Transformación ( 4t ) , promover cultura incluyente equitativo luchar lucha clasismo , racismo , machismo fascismo "" ."
entusiasta asistente OSM festejar isla cu 114 año unam	rugido pumo resonar volumen sábado isla ciudad universitaria ( cu ) , donde universidad Nacional autónoma méxico ( unam ) celebrar 114 aniversario concierto memorable cargo orquesta sinfónica minería ( OSM ) .
Carlos slim criticar sistema pensión méxico pedir combatir pobreza	hombre más rico méxico decir recurso recibir actualmente mayor 65 año deber usar sacar 6 millón persona pobreza extremo .
anuncios inversión méxico sumar 59900 mdd primero nueve mes 2024	Secretaría Economía identificar 197 anuncio público enero septiembre . Estados unido encabezar anuncio .
caliente pasar anunciar apuesta transmitir champions league	compañía haber entrar ‘guerra streaming deportivo ' captar parte nicho mercado consolidar principal negocio : apuesta .
dos olímpico conquistar Zúrich	campeón olímpico Remco Evenepoel ( imagen ) grace brown conquistar ayer prueba contrarreloj Mundial ciclismo , celebrar Suiza . brown , australiano 32 año , proclamar campeona mundo primero vez quedar segundo último dos año , Evenepoel revalidar título 46.1 kilómetro Zúrich , tiempo 53 minuto 2 segundo . belga 24 año competir carrera ruta domingo .
charlyn corral lograr doblete mantener invicto pachuca ; empatar 3-3 Chivas	duelo vertiginoso , charlyn corral firmar doblete pachuca igualar 3-3 Chivas mantener invicto primero puesto , jornada once torneo clausura 2024 Liga mx Femenil . tuzas sumar 29 unidad estar espera duelo tigres tijuana confirmar liderato , tapatía ubicar quinto puesto 20 unidad temporada más irregular .
pumas sufrir más , rescatar victoria 1-0 Xolos	pumas sufrir más , rescatar domingo importante triunfo 1-0 Xolos tijuana , resultado catapultar zona liguilla , duelo correspondiente jornada nueve torneo apertura 2024 Liga mx , efectuado estadio Olímpico universitario .
Alcaraz dar triunfo decisivo Europa , campeón Copa laver	París . Europa conquistar ayer Copa laver tenis combinado resto mundo gracia victoria español Carlos Alcaraz taylor fritz último duelo single .
Jefes continuar invicto ; superar 22-17 Halcones	Atlanta . Patrick mahomes lanzar par pase anotación defensivo kansas city realizar par defensa tardío mantener Jefes invicto vencer 22-17 Halcones Atlanta .
tigres batallar vencer último lugar torneo	duelo ser más complejo esperado , Sebastián córdova lograr dar tigres triunfo 1-0 sotanero ciudad juárez , jornada nueve torneo clausura 2024 Liga mx . victoria , felino escalar segundo puesto tabla general 20 unidad , dos punto diferencia líder cruz Azul .
Dallas , esperanza frustración	lamar Jackson Baltimore resister intento remontado Dallas , llegar tarde . dos anotación estelar mariscal campo , Cuervos derrotar 28-25 Vaqueros encuentro marcado suspenso minuto final .
lando norris superar Verstappen gran Premio singapur	singapur . lando norris sortear par susto muro ganar contundencia gran Premio singapur , apenas poder recortar siete punto diferencia max Verstappen líder campeonato Fórmula Uno . resultado mexicano Sergio Pérez ser completamente inesperado , terminar décimo lugar dificultad rebasar , llevar último punto repartir carrera .
tercer cuadrangular mexicano jonathan Aranda Tampa Bay	st . petersburgo . , mexicano jonathan Aranda pegar cuadrangular tercero partido consecutivo rays Tampa Bay , vencer 4-3 Azulejos completar barrir serie tres juego .
haaland marcar gol 100 empate city	erling haaland marcar gol 100 manchester city . delantero comparado androide , más número ser historia puro . noruego poner adelante equipo Arsenal , quedar 10 jugador , también inspirar empate 2-2 último minuto , john Stones encargar sentenciar .
alerta lesión Santi Giménez	delantero mexicano santiago Giménez encender alarma Feyenoord salir cambio primero mitad encuentro equipo superar 2-0 nac Breda Liga Países bajos . tricolor tener aparente molestia muscular , no permitir abandonar campo pie ser sustituir .
Marlene Santos alejo : balance jornada	"increíble parecer , equipo milloneto favorito Liga mx sufrir perder estribo . américa monterrey empatar duro pena , cruz Azul ganar mínimo ventaja Chivas sólo conseguir sumar frente colero ... emoción regalar fecha doble , dar nota quejoso André Jardine , timonel amarillo , ivar sisniega , titular Federación Mexicana Futbol , preocupado baja entrada Estados unido , pedir "" transmitir mensaje positivo apoyo selección "" ."
Afores ganar $ 8,359 mdp gestionar ahorro trabajador	ganancia obtener Administradoras Fondos retiro ( afore ) primero ocho mes 2024 cuidar recurso pensionario millón mexicano aumentar 32 ciento manera anual , cifra cierre agosto pasado , revelar dato oficial .
enrique Galván ochoa : dinero	presidenta república tomar posesión próximo martes , claudia sheinbaum Pardo , asistir congreso nacional Morena decir no ser partido Estado ; haber distancia . pedir abdicar título jefa partido , ya ser jefa Gobierno , jefa Estado comandanta supremo fuerza armado . organización guinda enarbolar bandera 4t . ser fundar presidente andrés Manuel López obrador . haber anunciar mil vez retirar quinto palenque , donde , asegurar , llevar vida aislamiento política político . incluso no recibir amigo . dos círculo más íntimo ser elegir dirigir formalmente partido : luisa María alcalde , presidenta andrés andy López Beltrán secretario Organización . ser ojo voz .
león bendesky : ejemplo	escritor inglés h.g. Wells apuntar Historia supervivencia mismo depender carrera educación catástrofe . idea ser adecuado reflexionar cuestión hoy ser relevante persistente violencia haber mundo , bien , incapacidad humanidad contener degradación medio ambiente .
mejorar condición económico millón hogar mexicano	nuevo política económico social poner marcha gobierno presidente andrés Manuel López obrador , concluir 30 septiembre , generar mejor condición económico millón hogar mexicano . hacer través programa transferencia grupo específico población , elevar pensión adulto mayor promover crecimiento real salario , principalmente , coincidir especialista .
concentrar manufactura flujo inversión extranjero :	enero 2023 septiembre 2024 , sector privado realizar 575 anuncio inversión méxico más 170 mil 644 millón dólar , revelar dato actualizar Secretaría Economía ( él ) .
Economía país transitar crisis	
alistar inauguración museo vivir Muralismo	día final gobierno presidente andrés Manuel López obrador , concluir obra restauración , rehabilitación mantenimiento museo vivir Muralismo ( mvm ) , prever inaugurar semana edificio histórico Secretaría educación Pública ( SEP ) , reconocido patrimonio mundial Organización Naciones Unidas educación Ciencia Cultura ( Unesco ) .
denunciar competencia desleal ambulante compraventa divisa	centro cambiario , pequeño establecimiento comprar vender moneda equivalente 10 mil dólar , enfrentar competencia desleal entidad ambulante realizar actividad , acuerdo asociación representar sector .
David Márquez ayala : reporte económico	múltiple logro administración ahora terminar , producción alimento avance autosuficiencia no ser , desafortunadamente , . producción cuatro grano básico alimentación mexicano ( maíz , trigo , frijol arroz ) ascender 2023 31.9 millón tonelada , apenas 1.0 % producción 2018 ( gráfico 1 ) . producto , periodo producción maíz aumentar 1 % , trigo 18.1 , decrecer frijol – 38.3 % arroz 11.2 % .
Anahit María salir gran Bretaña armenia	exhibición diosa Madre : Anahit María , realizado originalmente museo británico , ser prestado manera exclusivo seis mes museo Historia armenia , ubicado ciudad Yerevan . muestra ser reflexión papel femenino materno deidad variado cultura . imagen , cabeza estatua bronce dioso Anahit , perteneciente cultura perso , datar siglo i antes cristo .
obra Nombres combate reunir foro Gruta historia vida resistencia	"haber historia merecer ser contar , no sólo resultar doloroso heroico , "" ser testimonio vida , cariño resistencia "" , afirmar martín López brie , dramaturgo director Nombres combate , obra documental presentar partir hoy foro Gruta , haber enfrentar dificultad propio pandemia ."
hermann bellinghausen : stravinski vendedora disco	"segundo parte año 40 siglo xx ciudad méxico deber ser tranquilo , optimista , promisorio . cielo azul limpio , sorprender , ser normal siempre ciudad lago , finalmente derrotado , futuro . allí hacer familia , venido menos , parecido salir película Soler , pedro Infante Joaquín Pardavé . conformar seis varón cuatro hembra . tono época , primero ser debilidad madre , derecho hombre , sagrado . contar alcohólico , vividor , perezoso , odiar ser mexicano , menor edad único estudiar carrera . tener obligación aportar casa , querer pasar dificultad financiero ; siempre estar "" arrancar "" . tampoco mamá gustar trabajo , papá hacer malo gana , no ver hora ir caza escuchar ópera música clásico amigo . pronto comenzar recibir pensión burócrata ."
morir Fredric Jameson , crítico capitalismo referente marxismo eu	Fredric Jameson ( 1934 ) , crítico , teórico catedrático literario estadunidense , fallecer domingo 90 año , informar editorial verso Libros red social .
López obrador inaugurar veracruz centro cultural leyes reforma	veracruz , ver. , presidente andrés Manuel López obrador inaugurar ayer puerto veracruz centro cultural leyes reforma , realizar recorrido recién rehabilitado casa Benito juárez , espacio abrir puerta visitante partir noviembre , buscar generar reflexión ley más importante publicado siglo xix .
inmueble patrimonial ser testigo permanente transición histórico	veracruz , ver. , recinto casa Benito juárez centro cultural leyes reforma , centro histórico puerto veracruz , inaugurado fin semana gobierno federal estar abierto público partir noviembre , buscar promover conocimiento periodo histórico reforma importancia legado cívico sociedad actual .
denunciar Visa monopolio Estados unido	Departamento Justicia Estados unido buscar denunciar empresa monopolio mercado tarjeta débito , acuerdo reportar blomberg .
Empresas eu reactivar anuncio inversión ; confiar sheinbaum	detener anuncio importante inversión reforma judicial , american society of mexico informar próximo fecha retomar , cautela .
endeudamiento mexicano exterior representar 35 % PIB	Banco méxico ( Banxico ) dar conocer segundo trimestre año reducir endeudamiento mundo 42 % reportar primero trimestre .
auditoría dar ingreso 3.5 billón peso sat	recurso , 1426 billón peso obtener auditoría grande contribuyente , informar fisco .
Economía mexicano crecer 0.6 % julio	actividad primario encabezar crecimiento económico país séptimo mes año .
jubilación digno complicar vez más mexicano	quinto parte empleado país contemplar jubilar 66 año más , 86 % admitir ahorrar menos deber hacer actualidad .
plan sustituir importación asia nearshoring torna difícil	primero siete mes año , importación méxico asia alcanzar 141,219 millón dólar ; china representar 51 % total .
netflix prime video amazon liderar queja streaming	agosto año , ambos empresa recibir inconformidad parte usuario cobro indebido alteración precio , asegurar Profeco Expansión través transparencia .
¿ ser funcionar nuevo categoría Canales WhatsApp ?	nuevo organización directorio Canales , WhatsApp pretender hacer más sencillo navegación usuario .
intel , nuevo objeto deseo industria tech	empresa pionero industria chip haber ser objeto nuevo rumor posible adquisición parte qualcomm , así inversión firma capital .
india , país querer ser potencia industria semiconductor	"Estados unido india anunciar alianza construir planta chip país , gobierno biden definir "" punto inflexión "" ."
amlo buscar convertir CFE Telecom empresa público	iniciativa reforma querer CFE teit ser principal compañía proveer internet país , respecto competidor , cambiar estatus estatal público .
Erick Sánchez , quirófano	
Nadal volver competir liderar España final Copa davis	París . leyenda tenis Rafael Nadal , junto número tres mundial , Carlos Alcaraz , liderar España final 8 Copa davis , anunciar equipo capitaneado David Ferrer torneo disputar 19 24 noviembre , Málaga .
filis coronar Este Nacional ; terminar dominio Bravos	filadelfia . filis filadelfia ganar División Este Liga Nacional primero vez 2011 asegurar título victoria 6-2 cachorros chicago . además , terminar racha Bravos Atlanta coronar seis temporada consecutivo división .
salir bache natación ser imposible modelo actual : liliana ibáñez	sistema deportivo mexicano mantener obsoleto lucha ego autoridad no detenga , ser imposible natación salir bache encontrar hacer década . liliana ibáñez , más experimentado disciplina , levantar voz profundo crisis prevalecer país .
bills vencer Jaguares mantener invicto	bills búfalo ser comandar brazo exacto josh allen mantener prestigioso cuadro cuatro invicto nfl . combo lujo estar integrado acereros , Jefes Vikingos , conocer derrota tercero semana temporada .
Vendaval americanista ; águilas golear Rayadas 4-2	monterrey tardar más 70 minuto meter partido . finalmente despertar , américa ya golear tener prácticamente triunfo bolsa . 4-2 sentenciar exhibición más desconcertante paupérrimo Rayadas campaña . abucheo afición , más rostro desencajado jugadora terreno juego , reflejar diferencia existir respecto águilas .
hermano Gutiérrez cumplir sueño Paralímpicos París	ser niño , hermano Raúl , Juan José jesús Gutiérrez disfrutar jugar futbol . pesar haber nacer talla bajo hacer gala mejor pase calle irapuato , tiempo soñar representar méxico nivel internacional .
toro finalizar lugar 12 Mundial ciclismo	pedalista mexicano isaac toro ubicar lugar 12 prueba contrarreloj categoría Sub 23 Mundial ciclismo ruta , disputar Zurich .
cotizar peso prácticamente cambio espera recorte tasa BdeM	ahora incógnita política monetario méxico ser recorte tasa referencia cuarto medio punto porcentual , Banco méxico ( BdeM ) despejar jueves . tanto , peso mexicano operar ayer cautela .
no haber inconstitucionalidad cobro sat empresa salinas pliego : amlo	resolución dos expediente presunto evasión fiscal empresa Ricardo salinas pliego monto 35 mil millón peso , presidente andrés Manuel López obrador considerar suprema Corte Justicia nación ya no poder involucrar fondo litigio vez instancia correspondiente confirmar existir adeudo fiscal firma Servicio Administración Tributaria , no haber posible interpretación inconstitucionalidad .
amlo , mejora raquítico pensión gestión pasado	sexenio presidente andrés Manuel López obrador , pensión llamado generación afore pasar apenas 30 ciento último salario trabajador promedio mayor 70 ciento , producto serie reforma legislativo poner centro asalariado , situación no haber suceder administración .
recaudar sat seis año 3.5 billón peso	sexenio estar concluir , Servicio Administración Tributaria ( sat ) recaudar 3.5 billón peso auditoría promoción cumplimiento , representar 2.3 billón peso más sexenio anterior crecimiento real 120.2 ciento agosto año .
Miguel Pineda : negocios empresa	diferencia regularmente pensar , no ser producción marcar desarrollo demanda creciente bien servicio . , sociedad no consumir tender quedar estancado .
estancar producción grano sexenio	producción grano oleaginoso méxico haber incrementar 37 ciento entrada vigor Tratado libre Comercio américa norte ( tlcan ) , actualmente Tratado méxico , Estados unido canadá ( T-MEC ) , fecha ; embargo , sexenio crecimiento haber estancar , revelar dato oficial .
repuntar julio economía : inegi	economía mexicano crecer más esperado julio , debido incremento ‘inusual ' sector agrícola , ganadero pesca , revelar instituto Nacional Estadística geografía ( inegi ) .
servicio salud , 50.4 millón mexicano , afirmar Coneval	méxico , 50.4 millón persona carecer acceso servicio salud , representar 39.1 ciento población , destacar Alida marcela Gutiérrez Landeros , coordinadora general análisis pobreza Consejo Nacional evaluación Política Desarrollo Social ( Coneval ) .
SICT entregar 549 obra carretero	programa carretero echar andar administración presidente andrés Manuel López obrador beneficiar 55 millón habitante forma directo . además , 549 obra realizado , representar 227 mil 464 millón peso , ser casi uno ciento producto interno bruto ( PIB ) , informar Jorge nuño lara , titular Secretaría infraestructura , Comunicaciones Transportes ( SICT ) .
acierto sat , auditoría grande causante : analista	fiscalizar primero grande contribuyente ahí hacer resto causante ser estrategia más exitoso Servicio Administración Tributaria ( sat ) evitar ingreso sustentar erario caer administración .
aterrizar nave Soyuz misión récord eei	Moscú . cápsula Soyuz transportar dos cosmonauta rusosy astronauta estadunidense estación espacial Internacional aterrizar Kazajstán , poner fin estadía récord pareja ruso .
Científicos descubrar coral ser capaz retener microplástico	Madrid . nuevo técnica detección microplástico descubrir tres parte anatomía coral ( mucosidad superficial , tejido esqueleto ) contener clase desecho artificial .
unam celebrar 60 año fundación archivo histórico	universidad Nacional autónoma méxico ( unam ) celebrar ayer 60 aniversario fundación archivo histórico ; además , inaugurar exposición archivo histórico unam , ayer hoy .
sexenio ser repatriar 14 mil 48 pieza , destacar mañanero	último conferencia mañanero presidencial , funcionario presentar balance acción recuperación memoria histórico preservación patrimonio cultural , destacar repatriación 14 mil 48 pieza extranjero .
Javier Aranda luna : Kundera : novela desafío rebeldía	8 diciembre 1968 , año recurrente historia mundo , cuatro amigo embarcar expedición extraordinario Praga .
vilma Fuentes : entusiasmo melancolía	encuentros deportivo Juegos Olímpicos Copa Mundial futbol provocar amplio movimiento entusiasmo envidiar político estrella cine . detener segundo observar aumento pasión suscitar medida desarrollar , poder sentir curiosidad causa .
Raúl Pineda sacar luz oscuridad dolor tragedia atraviesar país	traer luz oscuridad ser labor artista Raúl Pineda , don memoria fotográfico excesivo persistencia técnica antiguo grabado mezzotinta retratar horror desencajado violencia méxico .
"galardona Inbal tres "" grande artista tener lienzo plástico mexicano """	"ovación vítor , escultora Geles Cabrera ( 1926 ) pintor arturo Estrada ( 1925 ) Guillermo monroy ( 1924 ) recibir medalla bellas artes oro artes Visuales 2023 2024 , ceremonia "" histórico "" , efectuado ayer sala Manuel M. Ponce Palacio bellas artes , encabezado lucina Jiménez , titular instituto Nacional bellas artes Literatura ( Inbal ) ."
fotografiar ser pretexto buscar : graciela iturbide	arropada largo ovación , fotógrafa graciela iturbide recibir medalla bellas artes oro 2024 artes Visuales , otorgar instituto Nacional bellas artes Literatura ( Inbal ) , icónico imagen , conjugar documental poético , formar parte esencial acervo gráfico contemporáneo méxico .
mexicano gastar 12 % más bebida energético	datos kantar mostrar último año haber aumentar número litro comprado precio tipo bebida .
Trump amagar arancel 100 % auto entrar frontera méxico	candidato presidencial decir único manera librar cuota ser querer construir planta Estados unido .
Cetes dos año reducir rendimiento dígito , anticipar recorte Banxico	plazo Cetes reducir ganancia , plazo dos año ofrecer tasa más bajo 9.92 % , espera Banxico hacer nuevo recorte .
openbank lanzar lista espera cliente mexicano	openbank méxico abrir sitio web lista espera usuario querer acceder oferta nuevo banco digital .
Banco Mundial lograr récord 56000 mdd inversión CFI	ejercicio financiero finalizar julio 2025 , Banco Mundial buscar centrar esfuerzo infraestructura , particularmente carretera transporte .
china presentar medida relajación monetario reactivar economía	Banco Popular china recortar tipo interés operación doble siete día 0.2 punto porcentual , 1.5 % .
Inflación seguir baja , primero mitad septiembre ubicar 4.66 %	índice subyacente terminar primero quincena septiembre 3.95 % no subyacente 6.73 % , acuerdo dato publicado inegi .
fomentar vivienda interés social eliminar corrupción , reto Infonavit	Analistas señalar instituto tener pendiente materia avanzar digitalización agilización trámite , así mejorar rendimiento subcuenta vivienda .
IFT prever publicar nuevo medida regulatorio américa móvil noviembre	regulador tener obligación revisar dos año medida regulatorio compañía controlado Carlos slim verificar haber generar competencia telecomunicación .
IFT pedir 1680 mdp presupuesto pese reforma eliminar autónomo	regulador asegurar partida solicitar Hacienda ser mismo ser aprobar año incluso más bajo tomar cuenta inflación .
meta sumar voz john cena chatbot	nuevo función audio ofrecer usuario opción seleccionar voz asistente digital .
Microsoft confiar méxico ; invertir 1300 mdd ampliar alcance ia	ceo compañía , satya Nadella , destacar capital ser mejorar capacidad nube ia región .
guía elegir mejor antivirus celular	ataque teléfono inteligente vez ser más común aquí decir deber tener cuenta hora elegir mejor protección .
ia ayudar industria ahorrar 35000 dólar hora	través diferente sensor softwar ia , empresa tractian haber lograr rastrear sonido máquina interpretar posible falla técnico .
chaquito estar fuera tres mes	
Bravos vencer mets acercar comodín	Atlanta . Bravos Atlanta hacer tarea lucha alcanzar boleto comodín postemporada Grandes Ligas . ganar 5-1 mets nueva York , quedar victoria conseguir meta .
asegurar Guardianes descanso postemporada vencer 6-1 rojos	cleveland . Guardianes cleveland , campeón División central Liga americana , asegurar descanso primero ronda playoffs vencer 6-1 rojos cincinnati . Lane thomas pegar jonrón dos anotación empujar tres carrera josh naylor sumar par remolcado .
""" ser demasiado tarde "" ; favre , mítico ex nfl , padecer Parkinson"	1991 , vida brett favre cambiar siempre . mes después ser elegir Atlan-ta draft nfl , entrena-doren jefe green Bay , mike holmgren , ofrecer selección primero ronda cambio jugar equipo . Halcones ver obligado aceptar . anuncio acuerdo año siguiente , mariscal construir carrera notable , periodo más menos difícil dedicar deporte practicar niño . ser nombrar tres vez mvp , ganar supertazón 1997 , ser ingresar Salón fama , confesar acto públi-co estar tres vez cen-tro especial rehabilitación adicción consumo analgésico alcohol .
Real Madrid sacar apurado victoria Alavés	Madrid . Real Madrid ser luz noche . ofrecer sábado versión más contundente visita Español santiago Bernabéu , equipo blanco revelar costado más vulnerable apurado victoria 3-2 Alavés , cumplir año derrota Liga España .
ten hag unir crítica saturación partido	"Londres . técnico neerlandés manchester united , erik ten hag , criticar sobrecarga partido , ya considerar "" casi inevitable "" lesión grave sufrir futbolista , ocurrir pasado fin semana arquero alemán Marc-André ter stegen ( Barcelona ) mediocampista español rodri ( manchester city ) ."
ir conciencia tranquilo arrepentimiento : Ana guevara	convencido cumplir deber , pesar crítica afrontar llegada cargo 2018 , Ana guevara asegurar ayer dejar dirección Comisión Nacional Cultura Física deporte ( conade ) arrepentimiento , conciencia tranquilo seguro no gozar sobreprotección administración .
primero vez 2 año , tasa Cetes bajar 10 %	después casi dos año ofrecer rendimiento anual doble dígito , tasa interés certificados Tesorería Federación ( Cetes ) haber caer debajo 10 ciento . analista , indicar mercado anticipar Banco méxico ( BdeM ) reducir tasa referencia próximo jueves línea Reserva Federal Estados unido .
sexenio amlo , banca ganar más billón peso	largo sexenio presidente andrés Manuel López obrador , conjunto banco privado operar país haber ganar más billón peso , resultado histórico colocar sector mejor ser gobierno Cuarta Transformación , afirmar especialista .
experto : mayor desastre ecológico Riviera maya	"mina sac-tun , antes conocido calica , propiedad vulcan materials ser "" mayor desastre ecológico "" Riviera maya , más tres década extraer material exportar barco Estados unido , acuerdo especialista gobierno mexicano ."
reservas internacional alcanzar marca histórico	reserva internacional cerrar semana concluir 20 septiembre saldo 226 mil 465 millón dólar , incremento 356 millón dólar relación semana precedente , revelar Banco méxico ( BdeM ) .
proyecto ministro Pérez dayán impedir UIF bloquear cuenta bancario lavado	ministro Alberto Pérez dayán proponer endurecimiento requisito Unidad Inteligencia Financiera ( UIF ) poder asegurar cuenta bancario titular ser sospechoso operación lavado dinero .
desacelerar inflación anual cuarto quincena consecutivo	inflación general primero quincena septiembre méxico desacelerar 4.66 ciento anual , menor nivel segundo quincena mayo 2024 , revelar cifra instituto Nacional Estadística geografía ( inegi ) .
Microsoft invertir mil 300 mdd méxico infraestructura ia	
ocupar méxico séptimo lugar adopción inteligencia artificial	méxico ser país adoptante inteligencia artificial ( ia ) , índice 46.85 punto , colocar séptimo posición 19 encontrar incorporar tecnología , informar Comisión Económica américa latina caribe ( cepal ) .
méxico expropiar minero calica ; empresa estadunidense impugnar	firma estadunidense vulcan materials anunciar ir impugnar legalmente decisión gobierno mexicano , anunciado lunes noche , expropiar terreno mina calica Quintana roo .
enrique Dussel peters* : china : ¿ desarrollo través política industrial ?	"enfatizar colaboración 11 septiembre año profundo competencia Estados unido china liderazgo tecnológico global . haber ser impensable todavía hacer dos década principio siglo XXI , lema "" china barato "" ."
Pekín recortar tasa estimular economía	Pekín . Banco central china anunciar ayer nuevo medida impulsar economía , recorte tasa interés , incluido referencia hipotecario , así reducción depósito banco deber mantener reserva .
resultado tercero censo jaguar méxico ser alentador	"primero resultado tercero censo méxico jaguar ser alentador , puesto mayoría 24 sitio analizado , 19 estado país , población felino más grande américa mantener haber incrementar , "" mayoría sitio haber más jaguar "" destacar Gerardo ceballos González , líder Alianza Nacional Conservación Jaguar ."
descubrir inteligencia artificial más geoglifo nazca	
menopausia poder ocasionar problema dental , decir especialista	sofoco sudoración nocturna ser síntoma más infame menopausia . ser posible también desear prestar atención diente encía .
regresar vivo met nueva York auditorio Nacional	"ocho título temporada 2024-2025 programa vivo met nueva York , transmitir 5 octubre 31 mayo pantalla gigante auditorio Nacional , seguir fiel misión metropolitan Opera house presentar ópera "" más famoso popular "" , mejor elenco posible , así ofrecer producción nuevo , "" sólo así avanzar forma arte "" , expresar Peter Gelb , gerente general met ."
entregar tolita María figueroa medalla oro bellas artes 2023 teatro	"hermana tolita María figueroa ser distinguir martes medalla oro bellas artes 2023 disciplina teatro . reconocimiento celebrar destacado trayectoria prolífico obra ámbito vestuario escenografía , campo "" haber dejar huella imborrable más tres década "" ."
Emilio Payán : Litógrafa Popular	artista grabador Joel Rendón ( 1967 ) impresor Fernando Riquelme ( 1990 ) fundar hacer dos mes Litógrafa Popular , taller reunión , diálogo intercambio experiencia conservar tradición técnica méxico . proyecto rendir homenaje madre tierra considerar piedra litográfico matriz creador estrecho conexión tierra vida . Litógrafa Popular surgir objetivo conservar estética estampa gráfico popular cargado identidad sentido social .
dialogar Dalí Divina comedia	"cáceres . Fundación Mercedes calles Carlos ballestero ( FMCCB ) presentar nuevo exposición sede plaza san Jorge cáceres titulado "" Dalí : Divina comedia "" , compuesto centenar grabado colección genio surrealista plasmar interpretación Divina comedia Dante alighieri ."
""" feminismo devolver dignidad existencia , arte también "" : Sofía weidner"	""" no prometer salgar alegre mente tranquilo exposición . no querer generar arte causar comodidad "" , confesar Sofía weidner inauguración Musas negro , museo ciudad méxico . emociones triste , doloroso furioso estar plasmado obra hoy trascender ser ver público significar cobijo , abandono soledad sueño cumplir . "" así feminismo devolver dignidad existencia , arte también "" , declarar creadora ."
Ricardo yáñez : Isocronías	"siete escritora haber reunir Minerva aguilar temoltzin , autora vuelo letra , libro nacido recital homónimo ofrecido escritora tlaxcalteca organizado Asociación escritor méxico . decir obed González , director Literatura Feria Internacional Libro coyoacán , –auspiciadora volumen ánimo representativo considerar lírica voz femenino – , ser posible palpar "" ser lenguaje , ser flexible constante transformación "" . vayar sucintamente poeta –nacido año 50 80 – :"
Muñeca lele otomí representar principal fuente empleo santiago metztititlán	pachuca , hgo. , Artesanas indígena otomí santiago metztititlán , municipio amealco bonfil , estado querétaro , generación haber elaborar tradicional muñeca lele , nacer deseo niña localidad jugar ser mamás .
periodista evocar eterno noche 43	¿ 43 normalista ayotzinapa estar vivo muerto ? pregunta , planteado angustia periodista Miguel ángel juárez Franco , desencadenar intenso conmovedor debate ayer presentación novela eterno noche 43 , publicado editorial Almuzara .
ser poco probable méxico perder grado inversión : Moody's	agencia señalar mayor déficit fiscal , absorber deuda pemex bajo crecimiento sí poder impactar calidad crediticia .
revolut planear operar primero mes 2025	Juan guerra , director general firma , decir esperar arrancar operación siguiente año cuenta débito nivel 4 transferencia internacional .
pemex requerir 50200 mdd tres primero año sheinbaum , prever moody ' s	apoyo gobierno calificación real pemex ser ca , ser decir 80 % incumplimiento compromiso financiero .
Condusef alertar suplantación identidad 24 financiero	veinticuatro institución debidamente constituido haber reportar suplantación identidad cometer fraude usuario .
¿ abrer banco 1 octubre ? decir calendario CNBV	1 octubre , claudia sheinbaum tomar posesión primero presidenta méxico , implicar suceso trascendencia nacional , mayoría empleado descansar .
Mercado Pago hacer oficial : presentar solicitud ser banco digital	cuenta digital buscar aprobación licencia bancario Comisión Nacional bancaria Valores ofrecer servicio banca múltiple .
Banxico sólo tener espacio hacer recorte 25 punto	analista considerar banco central deber tener cautela bajar tasa periodo volatilidad descartar hacer recorte 50 punto hacer Reserva Federal .
OCDE ajustar baja previsión PIB méxico	acuerdo organismo , economía mexicano crecer 1.4 % año , 0.8 % menos previsión anterior .
BBVA mantener confianza méxico transición presidencial	país seguir ser atractivo largo plazo gracia estructura costo apalancamiento comparación Estados unido , decir onur Genç , consejero delegado BBVA .
china recortar tasa interés impulsar economía	interés préstamo año concedido institución financiero reducir 2.3 2 % , informar banco central .
austeridad selectivo predominar gobierno amlo	más recorte gasto oneroso generar ahorro , gasto público llegar nivel récord , obedecer prioridad obligación gobierno cargo andrés Manuel López obrador .
ser juego gratis PlayStation Plus octubre 2024	Sony presentar catálogo videojuego llegar suscripción partir cuándo estar disponible .
caso FTX : rol Caroline ellison fraude pasar 2 año presa	exdirectora Alameda research , fondo cobertura personal Bankman-Fried , también deber pagar multa 11000 mdd .
altán Redes confiar gobierno sheinbaum robustecer conectividad	"Carlos Lerma , ceo altán , decir estar "" positivo venir próximo año "" conectividad , debido provisión internet ser eje principal claudia sheinbaum ."
Mira murati , CTO OpenAI , dejar empresa	2024 haber ser año complicado startup Inteligencia Artificial , ejecutivo fundador haber renunciar .
telmex suspender sebog servicio resguardo información impago	Triara , división Centros datos telmex , suspender servicio resguardo información gobernación impago 63.7 millón peso .
"meta presentar quest 3s , versión "" económico "" visor realidad mixto"	"meta calificar dispositivo proveedor "" experiencia increíble precio inigualable "" ."
google demandar Microsoft supuesto monopolio nube	denuncia ser presentar Comisión Europea , anunciar google .
youtube lanzar nuevo herramienta ayudar emergencia médico	través división health , plataforma vídeo colaborar institución certificado , cruz Roja , dar información situación urgencia .
samsung abrir puerta : así convivir humanos brazo mecánico	comenzar planta producción refrigerador , hoy ser centro más importante samsung mundo .
gana américa Campeones cup	
debajo máscara estar rostro abogado , comerciante tortero	José orlando Regalado Alonso ser conocer arena Rey destroyer . lucha black spider jr , 2 marzo monterrey , regiomontano fallecer 22 año caída ocasionar severo daño cerebral . 10 día estar internado , luchador Park , Silver star latin lover recaudar fondo ayudar familia , debido haber problema pago atención médico . ser más reciente muerte tener lamentar deporte . no ser cansancio dolor , único poder detener gladiador enmascarado ser lesión fulminante . modo vida estar relacionado riesgo .
abuelita lucha libre , emblema aficionado fiel	espectáculo deportivo interpelar público protagonista lucha libre . lejos ser simple espectador , ahí asistente ser actor reparto . exigir piedad condenar sufrimiento conside-ran merecer . más hinchada entusiasta , aficionado pancracio ser elenco vez estrella . representar protagonista butaca inolvidable doña virginia aguilera , conocido abuelita lucha libre , más medio siglo representar aficionado fiel apasionado .
cuadrilátero , aguerrido ritual cautivar público	medio crecimiento mediático industria entretenimiento , lucha libre mexicano mantener identidad popular cercanía afición , integrado profesionista , trabajador , niño incluso extranjero complementar escenario espectáculo donde mezclar deporte , drama cultura .
combate tradicional , acto resistencia espectacularidad wrestling estadunidense	década año 50 60 lucha libre mexicano ser célebre combate ras lona , uso llave máscara multicolor convertir patrimonio cultural . 80 , influencia wrestling estadunidense , caracterizar espectacularidad uso múltiple objeto –meso fuego , silla escalera – , impactar forma aficionado concibir deporte .
beneficios social seguro médico , deuda pendiente	"haber frase lucha libre revelar realidad desafortunado gladiador : "" saber ir subir , no var bajar "" . halo peligro acompañar dentro cuadrilátero , casi haber sufrir lesión alto grado incluso no haber volver despertar caer lona ; pese riesgo , mayo-ría trabajar seguro médico , sólo confianza salir ileso , mejor aún , vivo ."
ser longevo cuadrilátero requerir mentalidad fuerza : felino	"longevidad poder ser grande bondad lucha libre , siempre "" cuid cuerpo aprendar escuchar "" , asegurar felino , 60 año trayectoria cuatro década seguir cautivar aficionado función impresionante llave espectacular acrobacia ."
confiar sector empresarial remontar pronóstico crecimiento	Consejo Coordinador Empresarial ( CCE ) confiar economía mexicano superar pronóstico crecimiento apuntar desaceleración .
inflación agroalimentario ir baja , aún haber producto incremento arriba 60 %	primero quincena septiembre inflación general agroalimentario presentar reducción significativo ; embargo , aún existir producto factor , clima estacionalidad , registrar incremento anual encima 60 ciento anual caso fresa cebolla .
2026 , petróleos mexicano requerir 19 mil millón dólar gobierno federal	petróleos mexicano ( pemex ) requerir gobierno federal 19 mil millón dólar 2026 cubrir necesidad efectivo , operativo pago deuda , asegurar Roxana Muñoz , vicepresidenta analista senior calificadora moody’s .
amlo , méxico consolidar principal socio eu	administración presidente andrés Manuel López obrador ( amlo ) , primero vez historia , méxico convertir consolidar principal socio comercial Estados unido , mayor potencia económico mundo . embargo , decir especialista , futuro cercano aún quedar reto importante , ejemplo , definir relación gigante mundial , china , revisión T-MEC , instrumento potenciar relación .
orlando Delgado selley : balance desafío	haber llegar final primero administración federal 4t . ser posible hacer balance ponderado funcionamiento economía . balance necesario , además , establecer base plantear desafío enfrentar nuevo administración periodo gobierno , particularmente , primero año . supuesto , primero cuestión ser sexenio amlo economía mexicano enfrentar crisis derivado covid , afectar país , diferente medida .
gasto bolsillo salud pegar familia	gasto médico inesperado méxico poder representar golpe bolsillo ciudadano , alcanzar costo medio nacional 117 mil 766 peso 2023 , estimar Asociación Mexicana Instituciones Seguros ( AMIS ) .
traspié peso espera recorte tasa BdeM	peso mexicano debilitar frente dólar miércoles , víspera anuncio política monetario Banco méxico ( BdeM ) .
Hacienda extender octubre plazo pago impuesto pemex	día concluir gestión presidente andrés Manuel López obrador , Secretaría Hacienda Crédito público ( shcp ) extender final octubre plazo pago derecho utilidad compartido ( DUC ) deber realizar petróleos mexicano ( pemex ) correspondiente agosto , finalidad empresa estatal contar liquidez .
sheinbaum reunir directivo danés helax	presidenta electo , claudia sheinbaum , reunir ayer integrante empresa danés helax , desarrollar proyecto hidrógeno verde inversión 10 mil millón dólar , parte polo bienestar istmo Tehuantepec .
calica no haber expropiación , aplicar defensa territorio : amlo	""" no haber expropiación "" banco material explotar gigante minero vulcan materials costa Quintana roo , aseverar presidente andrés Manuel López obrador ."
promover Inbal literatura independiente	centro Creación literaria Xavier Villaurrutia , sede Coordinación Nacional Literatura instituto Nacional bellas artes literatural ( Inbal ) , abrir puerta sábado mercadito literario independiente .
terror erotismo , eje volumen 2 narrativa hispanoamericana	"cuento terror erotismo "" Voraz "" "" acto estelar "" , escritora mexicano mon M. Silva , aparecer antología nueva narrativa hispanoamericana : relatos contemporáneos Volumen 2 , reunir destacado autor país hispanohablante ."
vilma Fuentes : buenos día , Jacques ( 1936-2024 )	Jacques bellefroid morir mañana 20 septiembre 2024 . escribir frase poco más 24 hora después suceder escándalo indecible . fecha confundir día no cesar girar ruleta hora , repetir infinito , , siempre siempre . muerte , Jacques , vida , amor . no comprener poder seguir vivo estar muerto , menos ser decir . decir tania ayer inicio tarde asoleado , aquí , hospital charles Foix , afueras París , donde estar hospitalizar seguir vivo ya haber ir aquí no saber dónde . ¿ poder encontrar nuevo infinito inmensidad haber ir ? búscame , pedir buscar . sólo poder encontrar laberinto túnel pasaje , muro puerta , señal sentido .
exhibir veracruz obra exiliado español	triunfo espiga : 85 año exilio español , exposición honrar memoria exiliado español méxico celebrar valioso legado cultural , presentar galería ramón alva Canal , xalapa , veracruz .
inaugurar museo vivir Muralismo	"pasado , cambio gobierno vivir "" ruptura "" . "" saber "" , decir presidenta electo , claudia sheinbaum , sonrisa . ocasión ser inauguración museo vivir Muralismo ( mvm ) , edificio histórico Secretaría educación Pública ( SEP ) ."
francia reconocer obra graciela iturbide	""" hablar francés , entender más francia "" , asegurar fotógrafa graciela iturbide "" parodiar Alfonso Reyes "" , ser condecorar orden artes letras rango oficial república Francesa , acto cargo embajadora galo delphine borione ."
""" haber luchar mundo diferente """	Medallas bellas artes 2023 2024 ámbito arquitectura Patrimonio ser entregar ayer enrique ortiz , Sara topelson , gabriel mérigo salvador aceves .
Banxico ejecutar nuevo recorte tasa 10.5 %	banco central hacer segundo recorte consecutivo tasa referencia contexto menor inflación .
janet Yellen oponer reducir requisito capital banco	secretaria Tesoro Estados unido pedir seguir trabajar sistema financiero ser resistente tiempo turbulencia .
claudia sheinbaum recibir economía tocado incertidumbre	paquete 20 reforma presentar amlo febrero año amenazar limitar crecimiento potencial méxico .
búsqueda segundo empleo disparar entidad ; morelos encabezar	méxico , dentro población subocupado , 328,971 persona estar condición búsqueda trabajo adicional , indicar cifra inegi segundo trimestre 2024 .
oracle construir centro hyperscale nuevo león . ¿ ser funcionar ?	samuel García , gobernador estado , resaltar proyecto estar enfocar ayudar empresa entidad eficientizar proceso informático .
OpenAI planear reestructuración ser empresa fin lucro	cambio representar oportunidad startup conseguir mayor financiación mantener desarrollo producto .
meta emparejar OpenAI google carrera ia	evento meta Connect , mark Zuckerberg presentar innovación sector presentar usuario próximo mes .
inconformidad justicia mexicano , acreedor tv Azteca iniciar proceso	Secretaría Economía informar disputa internacional méxico , impago bono tv Azteca , acumular costo 150,000 dólar concepto honorario CIADI .
identidad digital industria financiero : defensa arma	biometría criptografía reducir riesgo suplantación identidad , también abrir nuevo riesgo no hacer adecuadamente .
déficit fiscal méxico crecer 54 % agosto superar billón peso	Secretaría Hacienda Crédito público destacar requerimientos Financieros Sector público sumar 1109 billón peso .
gasolinas diésel ir primero mes subsidio	brindar menor estímulo haber permitir recaudar mayor ingreso secretaría Hacienda ; enero agosto año , haber recaudar 82 % más dinero ieps combustible .
Inversiones méxico mantener , pese débil Estado Derecho : ubs	banco inversión decir méxico mantener inversión , aprovechar potencial ofrecer nearshoring .
yorio dejar cargo subsecretario Hacienda , adelantar bloomberg News	funcionario dejar puesto ocupar Secretaría Hacienda Crédito púbico 2019 . dependencia indicar Expansión no tener información respecto .
gasto consumidor eu aumentar agosto ; inflación desacelerar	gasto consumidor seguir apoyar ganancia salarial aún sólido , pesar mercado laboral haber ralentizar considerablemente .
méxico registrar déficit comercial 4,868 mdd agosto	exportación mexicano caer 1 % importación crecer 5.7 % , acuerdo inegi .
Banxico mantener prudencia cerrar año tasa 10 %	analista considerar mensaje banco central ser más laxo decisión agosto esperar haber dos recorte más 25 punto base .
WhatsApp dejar funcionar celular partir febrero 2025	app mensajería actualizar año año , implicar dispositivo quedar obsoleto funcionamiento .
mercado tableta buscar conquistar diseñador , creativo melómano	Lenovo Huawei presentar nuevo tableta mercado mexicano coincidencia apostar conquistar creativo .
desarrollo tecnológico requerir colaboración gubernamental : google	royal hansen , vicepresidente ingeniería google , revelar compañía haber sostener reunión equipo transición sheinbaum impulsar digitalización país .
china avanzar regulación identificar contenido hecho ia	país asiático estar buscar implementar medida más duro obligatorio identificar contenido generado través Inteligencia Artificial .
medio crisis , industria gaming buscar nuevo modelo negocio	despido haber marcar año videojuego , especialista apuntar ser nuevo oportunidad diversificar contenido creador independiente .
lucía García rescatar Rayadas	jugadora mayor jerarquía internacional , español lucía García rescatar campeón monterrey conseguir agónico empate 1-1 león estadio nou Camp . Rayadas , haber sufrir torneo clausura 2024 Liga mx Femenil , desplazar américa tercero puesto 26 unidad después 12 jornada , tiempo Esmeraldas tener 12 punto .
título Copa Campeones motivar américa duelo pumas : Dávila	reciente obtención título Copa Campeones ser factor motivar américa cara clásico capitalino domingo pumas , asegurar delantero Víctor Dávila , además indicar más allá tratar derrotar acérrimo rival , equi-po buscar costa triun-fo ubicar zona liguilla .
Liga Mexicana béisbol elegir Trevor Bauer pitcher año	Trevor Bauer ser coleccionista galardón . lanzador Diablos rojos méxico , campeón juego ganado ponche pasado temporada , ser elegir pitcher año Liga Mexicana béisbol ( lmb ) .
finalizar temporada rodri	manchester . rodri , mediocampista manchester city , perder resto temporada someter ayer cirugía ligamento anterior cruzado .
toro finalizar sexto prueba ruta Mundial juvenil	isaac toro vez acercar más perfección seguir acrecentar legado . ahora , mexicano culminar sexto lugar prueba ruta Sub-23 Mundial ciclismo Zúrich Suiza , después extraordinario actuación sólo errar bajar ritmo tramo final . aún quedar cerca medalla imponer mejor tiempo tricolor carrera .
tigres rescatar empate dos león ; ser sublíder	polémica decisión arbitral , tigres rescatar empate 2-2 león gol último minuto argentino Juan brunetta . universitario valer criterio silbante daniel quintero huitrón , invalidar dos tanto esmeralda inclinar balanza favor , igualar encuentro .
méxico buscar ser máximo exponente homeless cup	luego largo viaje Corea sur , selección mexica-no futbol calle cumplir objetivo estar final homeless world cup estar pasar convertir máximo exponente torneo .
UEFA sancionar Barça pancarta expresión nazi	Madrid . órgano Control , ética disciplina ( CEDB , sigla inglés ) UEFA sancionar Barcelona 11 mil 162 dólar resolver afición tener conducta racista partido champions as mónaco , pasado 17 abril stade louis ii .
retraso ferrocarril México-EU afectar suministro agrícola	chicago . retraso transporte ferroviario estar perturbar comercio exportación Estados unido méxico obstaculizar cadena suministro agrícola pleno cosecha otoño boreal , denunciar ayer organización agrario .
pemex enviar combustible refinería olmeca india	petróleos mexicano ( pemex ) enviar mes primero cargamento combustible nuevo refinería olmeca india , señal progreso después múltiple retraso costo espiral , dato embarque fuente industria .
déficit finanzas público ser menor previsto : shcp	primero ocho mes año , balance presupuestario observar déficit 897 mil 874 millón peso , monto ser menor respecto programado , deuda mantener nivel sostenible , decir Secretaría Hacienda Crédito público ( shcp ) .
volkswagen negociar sindicato	después explosivo anuncio volkswagen poder cerrar fábrica Alemania primero vez , dirección empresa sindicato iniciar tenso conversación nuevo acuerdo salarial . empresa haber subrayar repetidamente coste ser excesivo margen beneficio demasiado bajo , especialmente marca principal .
BMV ganar 1.1 % semana ; peso perder 28 centavo	peso revertir ganancia inicial , día después impulso registrado anuncio Banco méxico recortar tasa interés .
confirmar sheinbaum salida gabriel yorio subsecretaría Hacienda	subsecretario Hacienda , gabriel yorio González , no repetir cargo próximo sexenio , así confirmar próximo titular Ejecutivo federal .
desempleo Alemania aumentar más previsto	Berlín . número desempleado Alemania aumentar más previsto septiembre , nuevo señal reto enfrentar mayor economía Europa .
Gustavo Gordillo / iii : Justicia , anillo , poder	haber mayoría , tener haber minoría . ser minoría , existencia política , constituir régimen mayoría .
desequilibrio balanza comercial acumular 10 mil 438 mdd agosto	balanza comercial país observar agosto 2024 déficit 4 mil 868 millón dólar , dinamismo explicar retroceso uno ciento exportación frente igual periodo año anterior , informar instituto Nacional Estadística geografía ( inegi ) .
""" Misión cumplido """	""" Misión cumplido "" , decir artista gabriel orozco cerrar ciclo casi seis año coordinador proyecto Chapultepec : Naturaleza Cultura , 24 septiembre , cuando presidente andrés Manuel López obrador inaugurar cuarto sección último faltar concluir bosque urbano ."
Pablo espinosa : creatura habitar bellas artes	luz hora devorar .
Miguel Díaz Reynoso* : Cuadernos Habana	encontrar cuaderno referencia asalto cuartel Moncada . quizá deber empezar preparativo decidir llevar cabo 26 julio .
Chapultepec estar listo atender presente enfrentar futuro : orozco	Bosque Chapultepec estar listo atender presente encarar futuro , asegurar Jornada artista veracruzano gabriel orozco , concluir labor coordinador proyecto Chapultepec : Naturaleza Cultura , cuarto sección , ya remodelar , inaugurar hacer día .
""" conclusión proyecto Naturaleza Cultura ser prioridad gobierno entrante """	proyecto Chapultepec : Naturaleza Cultura no haber dar concluido . mantener prioritario próximo gobierno federal , afirmar subsecretario Desarrollo cultural Secretaría Cultura federal ( sc ) , marina Núñez bespalova .
choque américa pumas , primero reto seguridad estadio ciudad deportes	partido américa pumas , considerado mayor riesgo , ser primero reto operativo seguridad estadio ciudad deportes , más longevo ciudad , águilas mudar manera temporal recinto remodelación Azteca . todavía haber incertidumbre respecto ambiente , diferencia edición , ayer aún quedar menos mitad boleto duelo .
Yanquis , ya clasificado playoffs , caer 9-4 pittsburgh	nueva york. , Yanquis , ya clasificado postemporada Grandes Ligas , caer ayer 9-4 piratas pittsburgh , pegar cinco jonrón , incluir cuatro frente novato dominicano Luis Gil . resultado , retrasar equipo nueva York conseguir ventaja casa playoffs Liga americana .
cruz Azul , líder arrollador ; remontar imponer pachuca Hidalgo	líder cruz Azul aparecer tarde estadio Hidalgo . más 40 minuto jugar equipo errático , irreconocible , ser abajo dos gol marcador . vez funcionar plan partido , grado dificultad siempre expulsión incluido Sergio damián barreto fuerte entrada Luis romo , máquina venir atrás ganar 4-2 mantener cima Liga mx .
"sinner , "" decepcionado "" apelación ama"	"roma . tenista número mundo Jannik sinner decir estar "" mucho decepcionado sorprendido "" , después Agencia Mundial antidopaje ( ama ) decidir impugnar decisión Agencia integridad tenis Internacional determinar no haber culpabilidad dos positivo dopaje ."
dodgers Yanquis , primero sembrado	ángeles . , dodgers ángeles Yanquis nueva York asegurar sábado ser primero sembrado playoffs , dominicano José Ramírez , Guardianes cleveland , colocar jonrón ingresar selecto club 40-40 .
ceder lluvia arrancar primero partido miniliga pacífico	lluvia ceder hora fin salir sol . ser señal sagrado fanático béisbol , aguardar par día tormentoso pude-rar empezar minitorneo Liga Mexicana pacífico estadio fray Nano ciudad méxico , mover prisa ganar partida mal tiempo . así fin arrancar primero juego Cañeros Mochis derrotar 4-0 sultanes monterrey . resto partido aún depender condición climático .
Guadalajara dejar escapar valioso triunfo ; igualar 1-1 monterre	partido intensidad polémica arbitral incluido , Chivas dejar escapar importante triunfo empatar 1-1 monterrey duelo jornada 10 torneo apertura 2024 , disputado ayer estadio akron .
méxico ratificar hegemonía homeless cup Corea sur	méxico ratificar hegemonía homeless world cup llevado cabo Seúl , Corea sur , consagrar máximo ganador torneo . selección varonil ganar 6-5 inglaterra último momento evitar penal , obtener quinto título , equipo femenil conseguir noveno corona luego vencer rumania 5-2 día ayer .
Raúl Jiménez entrar selecto club tricolor 100 gol Europa	haber casualidad casi increíble futbol resto vida . ser parte historia Raúl Jímenez , manera coincidente marcar primero tanto número 100 cancha Europa diferencia 10 año día . así , convertir tercero tricolor llegar centenar gol torneo viejo continente .
venta gasolina pemex aumentar 2.8 %	volumen venta gasolina petróleos mexicano ( pemex ) agosto promeder 687 mil barril diario , dato mostrar avance 2.8 ciento frente igual periodo año pasado , revelar estadística empresa estatal .
sufrir rechazo Alemania reserva Italia posible fusión UniCredit Commerzbank	milán . jefe banco italiano UniCredit , andrea orcel , participar viernes reunión virtual representante alemán Commerzbank , convertir mayor inversor privado prestamista alemán , informar Reuters fuente conocedor asunto .
José Antonio rojas nieto : economía Estados unido : cuarto	apreciadísimo doctora edith Klimovsky barón , profesora distinguido uam azcapotzalco , presentar reciente congreso Economía matemática tlaxcala ponencia plantear – edith dixit– eje determinar mostrar relación salario beneficio . relación fundamental Clásicos , evidente Marx , duda pesar Neoclásicos .
aumentar ingreso divisa turístico ; elevar llegada viajero ser gran reto	indicador marcar potencialidad turístico nación ser captación divisa viajero internacional , afirmar Miguel torruco , titular secretara Turismo ( sectur ) . medido forma , largo sexenio , país haber incrementar presencia nivel mundial , mostrar dato oficial .
lactalis reducir casi 10 % adquisición leche francia	grupo lactalis , líder mundial sector lácteo , anunciar reducir final año volumen leche recogido granja francés destinado mercado internacional , centrar producto vendido francia .
compras maíz Estados unido incrementar 23 % sexenio	contexto producción grano básico haber estancar , administración presidente andrés Manuel López obrador terminar incremento aproximadamente 23 ciento volumen importación maíz Estados unido .
ciudades globo vivir burbuja inmobiliario : estudio	Miami , Tokio Zúrich encabezar lista ciudad mayor riesgo burbuja inmobiliario nivel mundial , debido elevado amenaza mercado vivienda , revelar ubs global Real Estate Bubble index 2024 .
Tequila , mira china	qionglai , chengdú . , medio montaña albergar sitio más grande observación luciérnaga asia , estar crecer atractivo mexicano parte comercialización destilado . qionglai condado 2 mil 300 año historia remitir antiguo ruta seda– buscar incluir tequila proyecto erigir meca bebida espirituoso ; incluso importar jugo agave producción local .
casa celebrar taller creativo tamal día Nacional maíz Nativo	oaxaca , oax. , celebrar día Nacional maíz Nativo , conmemorar hoy , Asociación Civil francisco Toledo realizar colaboración Fundación Alfredo harp helú oaxaca ( Fahho ) actividad espacio fundado artista juchiteco ( 1940-2019 ) , luchar defensa grano escala estatal nacional .
Elena poniatowska : Miguel ángel salazar González , diablo	paula Haro , hija , hacer mucho amiga diablo , venir buscar chimalistac después limpiar parabriso Insurgentes Miguel ángel quevedo . Flaquito , huesudo , sonriente , pelo negro cortina ojo , diablo llegar desayunar , comer merendar . no rechazar ofrecimiento regaderazo agua caliente . después casi 20 minuto agua , aparecer ropa sonrisa resplandecer .
redescubranrar opinión rosario castellanos política feminismo	"texto periodístico rosario castellanos ( 1925-1974 ) , compilado libro mujer palabras , artículo rescatado , mostrar "" desarrollo voz forma ganar confianza escritora "" . incluir ensayo donde expresar manera fuerte opinión política feminismo , explicar editora andrea h. Reyes , reunir escrito poeta diplomático ."
Yuriria iturriaga : no sólo pan ...	sorprender mismo categoría ser ajeno mayoría persona haber rodear vida decenio , sorpresa no ser sólo sentir diferenciar compatriota mexicano , , caso , repentino nostalgia paladar , olfato tacto intrabucal infinito mundo pan pastel , casualidad , pertenecer mundo trigo , ser decir , glutar atacar oriental mesoamericano viejo cepa , no note ...
Espartaco Martínez trasladar libro obra sutra corazón	bailarín coreógrafo butoh , Espartaco Martínez , haber interpretar ocasión obra sutra corazón , experiencia sensorial torno condición humano necesidad liberación emocional , presentar hoy libro vestíbulo casa Miguel alemán Complejo cultural Pinos Chapultepec enseñanza relacionado volver origen vida .
David rothenberg revelar universo sonoro estanque jardín botánico	música no ser prodigio exclusivo ser humano , compositor estadunidense David rothenberg , haber enfocar parte quehacer académico investigar musicalidad animal entorno natural .
